loginattemptid,userid,ipaddress,attemptedat,success,email
665,3.0,203.0.113.10,2025-09-30 15:11:45.000,True,
545,,198.51.100.7,2025-09-30 13:59:21.000,True,
658,3.0,192.168.1.3,2025-09-30 12:45:42.000,True,
90,1.0,172.16.0.22,2025-09-30 12:33:11.000,False,
818,2.0,192.168.1.2,2025-09-30 11:43:39.427,True,
817,2.0,192.168.1.2,2025-09-30 11:40:10.883,True,
816,2.0,192.168.1.2,2025-09-30 11:39:44.433,True,
815,2.0,192.168.1.2,2025-09-30 11:37:51.533,True,
14,2.0,192.168.1.2,2025-09-30 11:37:16.153,True,
13,2.0,192.168.1.2,2025-09-30 11:33:49.540,True,
12,2.0,192.168.1.2,2025-09-30 11:28:59.050,True,
11,2.0,192.168.1.2,2025-09-30 11:23:09.160,True,
8,1.0,192.158.1.38,2025-09-30 11:23:09.157,False,
9,1.0,192.158.1.38,2025-09-30 11:23:09.157,False,
10,1.0,192.158.1.38,2025-09-30 11:23:09.157,False,
6,3.0,192.158.2.38,2025-09-30 11:17:16.997,False,
7,3.0,192.158.2.38,2025-09-30 11:17:16.997,False,
3,1.0,192.158.1.38,2025-09-30 11:17:16.993,True,
4,2.0,192.168.1.2,2025-09-30 11:17:16.993,True,
5,3.0,192.158.2.38,2025-09-30 11:17:16.993,False,
1,1.0,192.158.1.38,2025-09-30 11:17:16.990,True,
2,1.0,192.158.1.38,2025-09-30 11:17:16.990,True,
704,2.0,198.51.100.7,2025-09-30 11:09:21.000,True,
410,3.0,10.0.0.8,2025-09-30 10:10:58.000,False,
495,1.0,10.0.0.8,2025-09-30 09:59:37.000,True,
417,1.0,198.51.100.7,2025-09-30 08:01:49.047,True,
139,2.0,198.51.100.5,2025-09-30 05:33:49.003,False,
609,3.0,203.0.113.10,2025-09-30 03:35:49.077,False,
759,3.0,172.16.0.22,2025-09-30 02:21:49.100,True,
794,1.0,192.168.1.3,2025-09-30 01:35:49.107,False,
743,1.0,198.51.100.5,2025-09-30 00:51:49.100,False,
771,1.0,192.168.1.2,2025-09-30 00:15:49.103,False,
405,3.0,203.0.113.11,2025-09-30 00:14:49.047,False,
280,1.0,198.51.100.5,2025-09-30 00:07:49.027,True,
377,3.0,192.168.1.3,2025-09-29 23:50:49.040,True,
765,2.0,10.0.0.8,2025-09-29 22:21:49.103,True,
28,2.0,172.16.0.22,2025-09-29 21:40:48.987,False,
408,1.0,203.0.113.11,2025-09-29 20:18:49.047,False,
353,3.0,203.0.113.10,2025-09-29 16:59:24.000,True,
536,3.0,192.168.1.3,2025-09-29 16:39:09.000,False,
35,1.0,172.16.0.22,2025-09-29 16:35:48.987,True,
657,,172.16.0.22,2025-09-29 16:23:32.000,True,
97,3.0,203.0.113.11,2025-09-29 16:22:40.000,True,
442,1.0,10.0.0.8,2025-09-29 16:21:29.000,True,
481,1.0,192.168.1.2,2025-09-29 16:05:52.000,True,
46,2.0,203.0.113.11,2025-09-29 15:40:43.000,True,
334,1.0,192.168.1.3,2025-09-29 15:40:16.000,True,
391,,198.51.100.7,2025-09-29 15:06:36.000,True,
566,3.0,10.0.0.8,2025-09-29 15:00:06.000,True,
95,3.0,172.16.0.22,2025-09-29 14:50:48.997,True,
225,3.0,192.168.1.3,2025-09-29 14:43:39.000,True,
509,3.0,10.0.0.8,2025-09-29 14:41:55.000,True,
357,2.0,198.51.100.5,2025-09-29 14:36:09.000,True,
777,,198.51.100.5,2025-09-29 14:29:49.103,True,
518,3.0,198.51.100.7,2025-09-29 14:29:02.000,True,
339,,198.51.100.7,2025-09-29 14:27:40.000,True,
623,,10.0.0.8,2025-09-29 14:20:26.000,True,
768,1.0,198.51.100.7,2025-09-29 13:32:30.000,True,
573,1.0,203.0.113.11,2025-09-29 13:26:18.000,True,
626,,192.168.1.3,2025-09-29 12:54:08.000,True,
22,2.0,203.0.113.11,2025-09-29 12:49:48.987,True,
411,,192.168.1.3,2025-09-29 12:48:45.000,True,
754,2.0,172.16.0.22,2025-09-29 12:45:04.000,True,
524,2.0,203.0.113.11,2025-09-29 12:44:14.000,True,
480,1.0,192.168.1.3,2025-09-29 12:27:11.000,False,
26,,10.0.0.8,2025-09-29 12:14:34.000,True,
454,2.0,192.168.1.2,2025-09-29 12:04:39.000,True,
711,1.0,203.0.113.11,2025-09-29 11:56:49.093,False,
756,1.0,198.51.100.5,2025-09-29 11:50:37.000,False,
390,3.0,198.51.100.7,2025-09-29 11:44:06.000,True,
552,2.0,10.0.0.8,2025-09-29 11:40:10.000,True,
93,2.0,198.51.100.5,2025-09-29 10:28:32.000,False,
75,2.0,198.51.100.5,2025-09-29 10:24:08.000,True,
429,2.0,10.0.0.8,2025-09-29 09:55:22.000,False,
586,3.0,172.16.0.22,2025-09-29 09:23:59.000,True,
241,3.0,203.0.113.11,2025-09-29 09:14:00.000,False,
154,3.0,198.51.100.5,2025-09-29 09:07:00.000,False,
483,2.0,10.0.0.8,2025-09-29 08:32:18.000,False,
441,1.0,198.51.100.5,2025-09-29 08:27:10.000,True,
359,1.0,203.0.113.10,2025-09-29 08:18:49.040,True,
615,1.0,198.51.100.5,2025-09-29 08:07:49.080,False,
392,,198.51.100.7,2025-09-29 05:31:49.043,False,
706,2.0,172.16.0.22,2025-09-29 05:30:49.093,True,
183,1.0,172.16.0.22,2025-09-29 05:19:49.010,True,
36,2.0,192.168.1.2,2025-09-29 04:13:48.987,True,
788,1.0,203.0.113.10,2025-09-29 01:27:49.107,False,
101,3.0,10.0.0.8,2025-09-28 23:18:49.000,True,
277,1.0,172.16.0.22,2025-09-28 22:50:49.027,True,
263,,198.51.100.5,2025-09-28 21:32:49.023,True,
532,2.0,203.0.113.10,2025-09-28 20:50:49.067,True,
194,1.0,198.51.100.7,2025-09-28 20:23:49.013,False,
281,1.0,203.0.113.10,2025-09-28 19:50:49.027,False,
78,2.0,203.0.113.11,2025-09-28 18:43:48.993,True,
724,2.0,172.16.0.22,2025-09-28 18:06:49.097,True,
634,1.0,198.51.100.5,2025-09-28 17:39:49.080,True,
117,1.0,172.16.0.22,2025-09-28 17:22:49.000,True,
278,3.0,192.168.1.3,2025-09-28 16:38:06.000,True,
172,3.0,192.168.1.2,2025-09-28 16:37:56.000,True,
594,3.0,192.168.1.3,2025-09-28 16:20:49.077,True,
487,1.0,10.0.0.8,2025-09-28 16:20:05.000,True,
337,1.0,198.51.100.7,2025-09-28 15:28:19.000,True,
512,2.0,198.51.100.5,2025-09-28 15:18:36.000,True,
317,3.0,172.16.0.22,2025-09-28 15:15:39.000,False,
360,,192.168.1.3,2025-09-28 14:42:49.040,True,
493,3.0,203.0.113.11,2025-09-28 14:40:56.000,True,
477,3.0,203.0.113.11,2025-09-28 14:32:36.000,True,
207,,192.168.1.2,2025-09-28 14:20:49.013,True,
587,1.0,172.16.0.22,2025-09-28 14:15:21.000,True,
652,1.0,192.168.1.3,2025-09-28 14:05:21.000,True,
385,1.0,203.0.113.10,2025-09-28 13:31:48.000,True,
520,,198.51.100.7,2025-09-28 13:20:23.000,True,
782,2.0,198.51.100.5,2025-09-28 13:11:22.000,True,
530,2.0,203.0.113.11,2025-09-28 13:02:04.000,True,
492,3.0,192.168.1.2,2025-09-28 12:45:18.000,True,
668,1.0,203.0.113.10,2025-09-28 12:38:49.087,True,
470,2.0,192.168.1.2,2025-09-28 12:32:58.000,True,
459,3.0,192.168.1.3,2025-09-28 12:22:19.000,False,
476,2.0,172.16.0.22,2025-09-28 12:10:28.000,True,
773,3.0,192.168.1.3,2025-09-28 12:08:49.103,True,
691,3.0,10.0.0.8,2025-09-28 11:53:37.000,True,
233,1.0,172.16.0.22,2025-09-28 11:39:17.000,True,
517,2.0,192.168.1.2,2025-09-28 11:22:46.000,False,
485,3.0,203.0.113.10,2025-09-28 11:17:21.000,True,
331,1.0,172.16.0.22,2025-09-28 11:15:23.000,True,
148,2.0,172.16.0.22,2025-09-28 11:15:11.000,True,
258,3.0,172.16.0.22,2025-09-28 11:09:23.000,False,
787,2.0,198.51.100.5,2025-09-28 10:53:11.000,True,
231,3.0,192.168.1.2,2025-09-28 10:27:20.000,False,
235,2.0,198.51.100.7,2025-09-28 10:16:44.000,False,
434,1.0,203.0.113.10,2025-09-28 09:41:16.000,True,
283,1.0,10.0.0.8,2025-09-28 09:34:28.000,True,
107,1.0,192.168.1.2,2025-09-28 09:30:55.000,True,
719,1.0,198.51.100.7,2025-09-28 09:10:22.000,True,
653,2.0,192.168.1.2,2025-09-28 09:07:05.000,True,
267,2.0,172.16.0.22,2025-09-28 09:05:45.000,True,
63,2.0,198.51.100.7,2025-09-28 08:59:17.000,True,
316,3.0,198.51.100.7,2025-09-28 08:48:10.000,True,
775,3.0,10.0.0.8,2025-09-28 08:27:49.103,True,
282,3.0,192.168.1.3,2025-09-28 08:24:49.027,True,
717,1.0,192.168.1.3,2025-09-28 07:14:49.093,False,
697,2.0,172.16.0.22,2025-09-28 05:43:49.090,False,
169,,192.168.1.2,2025-09-28 04:18:49.010,True,
635,1.0,10.0.0.8,2025-09-28 03:43:49.080,True,
397,1.0,203.0.113.11,2025-09-28 02:42:49.043,True,
29,1.0,203.0.113.11,2025-09-28 02:28:48.987,False,
82,3.0,192.168.1.3,2025-09-28 01:27:48.997,False,
38,1.0,192.168.1.2,2025-09-27 23:25:48.990,False,
54,3.0,10.0.0.8,2025-09-27 22:40:48.990,False,
213,3.0,203.0.113.10,2025-09-27 22:21:49.017,True,
168,3.0,203.0.113.11,2025-09-27 20:04:49.010,False,
378,3.0,172.16.0.22,2025-09-27 18:20:49.040,False,
730,2.0,172.16.0.22,2025-09-27 18:19:49.097,True,
325,3.0,198.51.100.7,2025-09-27 17:59:28.000,True,
604,1.0,172.16.0.22,2025-09-27 17:57:06.000,True,
220,3.0,192.168.1.2,2025-09-27 17:40:26.000,True,
528,1.0,203.0.113.11,2025-09-27 16:37:42.000,True,
179,2.0,192.168.1.2,2025-09-27 16:25:49.010,True,
42,2.0,203.0.113.11,2025-09-27 16:19:48.990,True,
261,2.0,203.0.113.10,2025-09-27 15:10:52.000,True,
142,2.0,203.0.113.11,2025-09-27 15:10:13.000,True,
646,1.0,198.51.100.7,2025-09-27 14:14:24.000,True,
211,2.0,192.168.1.3,2025-09-27 13:39:49.017,False,
440,,203.0.113.10,2025-09-27 13:32:06.000,True,
62,1.0,198.51.100.5,2025-09-27 13:21:59.000,False,
224,,192.168.1.3,2025-09-27 13:18:12.000,True,
701,1.0,10.0.0.8,2025-09-27 12:40:54.000,False,
748,,192.168.1.3,2025-09-27 12:28:49.100,True,
144,,198.51.100.7,2025-09-27 12:20:49.007,True,
582,2.0,198.51.100.5,2025-09-27 11:27:33.000,True,
710,2.0,198.51.100.5,2025-09-27 11:13:26.000,True,
105,,198.51.100.5,2025-09-27 11:07:21.000,True,
338,3.0,192.168.1.2,2025-09-27 11:02:47.000,False,
394,3.0,198.51.100.5,2025-09-27 10:29:18.000,True,
335,,198.51.100.7,2025-09-27 10:14:49.033,True,
303,2.0,203.0.113.10,2025-09-27 10:07:49.030,False,
636,1.0,10.0.0.8,2025-09-27 09:59:53.000,True,
655,,203.0.113.11,2025-09-27 09:43:41.000,False,
690,2.0,10.0.0.8,2025-09-27 09:35:29.000,False,
592,2.0,192.168.1.3,2025-09-27 09:11:54.000,True,
349,3.0,10.0.0.8,2025-09-27 09:07:15.000,False,
330,2.0,203.0.113.10,2025-09-27 08:52:29.000,True,
597,1.0,203.0.113.11,2025-09-27 08:40:00.000,False,
296,1.0,172.16.0.22,2025-09-27 08:34:18.000,True,
671,,203.0.113.11,2025-09-27 08:28:49.087,True,
125,1.0,192.168.1.2,2025-09-27 07:02:49.003,False,
599,1.0,203.0.113.11,2025-09-27 05:02:49.077,False,
685,3.0,203.0.113.10,2025-09-27 04:52:49.090,True,
675,1.0,10.0.0.8,2025-09-27 02:11:49.090,False,
214,1.0,203.0.113.11,2025-09-26 22:25:49.017,True,
663,2.0,198.51.100.5,2025-09-26 21:41:49.087,False,
804,1.0,10.0.0.8,2025-09-26 21:39:49.110,True,
138,3.0,10.0.0.8,2025-09-26 20:50:49.003,False,
654,1.0,192.168.1.3,2025-09-26 17:28:15.000,True,
741,1.0,198.51.100.7,2025-09-26 17:26:55.000,True,
48,1.0,192.168.1.3,2025-09-26 17:10:14.000,True,
129,1.0,10.0.0.8,2025-09-26 17:06:27.000,True,
617,2.0,10.0.0.8,2025-09-26 17:05:39.000,False,
376,1.0,198.51.100.7,2025-09-26 16:54:54.000,True,
382,3.0,192.168.1.3,2025-09-26 16:47:31.000,False,
238,3.0,203.0.113.10,2025-09-26 16:44:34.000,True,
302,3.0,198.51.100.5,2025-09-26 16:43:00.000,True,
619,1.0,198.51.100.7,2025-09-26 16:26:24.000,True,
776,3.0,10.0.0.8,2025-09-26 16:23:49.103,True,
134,1.0,192.168.1.2,2025-09-26 15:31:36.000,True,
723,2.0,203.0.113.11,2025-09-26 15:29:29.000,True,
182,2.0,203.0.113.10,2025-09-26 15:04:19.000,True,
561,2.0,203.0.113.10,2025-09-26 14:42:40.000,True,
131,1.0,198.51.100.7,2025-09-26 14:38:17.000,True,
567,,192.168.1.2,2025-09-26 14:24:49.070,True,
681,3.0,192.168.1.3,2025-09-26 14:06:55.000,True,
398,,198.51.100.5,2025-09-26 14:04:28.000,False,
421,1.0,198.51.100.7,2025-09-26 13:43:38.000,True,
648,1.0,203.0.113.10,2025-09-26 13:25:16.000,True,
797,2.0,172.16.0.22,2025-09-26 13:16:38.000,False,
243,2.0,192.168.1.3,2025-09-26 13:15:21.000,True,
749,3.0,172.16.0.22,2025-09-26 13:10:37.000,False,
308,,203.0.113.11,2025-09-26 13:05:49.030,True,
589,1.0,192.168.1.2,2025-09-26 12:53:25.000,True,
430,1.0,10.0.0.8,2025-09-26 12:10:35.000,True,
39,1.0,198.51.100.5,2025-09-26 11:05:36.000,True,
284,1.0,192.168.1.3,2025-09-26 10:57:49.027,False,
237,2.0,192.168.1.2,2025-09-26 10:39:41.000,True,
469,1.0,198.51.100.7,2025-09-26 10:28:49.057,True,
686,1.0,192.168.1.2,2025-09-26 10:20:06.000,True,
523,1.0,192.168.1.2,2025-09-26 10:13:47.000,False,
297,1.0,198.51.100.5,2025-09-26 10:06:49.030,False,
32,2.0,198.51.100.7,2025-09-26 10:02:58.000,True,
547,1.0,198.51.100.7,2025-09-26 10:00:30.000,True,
418,2.0,203.0.113.11,2025-09-26 09:44:00.000,False,
314,3.0,10.0.0.8,2025-09-26 09:33:53.000,False,
637,1.0,203.0.113.11,2025-09-26 09:33:02.000,True,
790,1.0,10.0.0.8,2025-09-26 09:26:22.000,True,
369,3.0,192.168.1.3,2025-09-26 08:53:47.000,True,
522,2.0,198.51.100.5,2025-09-26 08:51:13.000,True,
747,1.0,198.51.100.5,2025-09-26 08:50:33.000,False,
18,3.0,198.51.100.5,2025-09-26 08:34:19.000,True,
234,2.0,10.0.0.8,2025-09-26 08:10:29.000,True,
326,2.0,10.0.0.8,2025-09-26 08:01:52.000,True,
141,3.0,192.168.1.2,2025-09-26 07:23:49.003,False,
539,,192.168.1.3,2025-09-26 06:19:49.067,False,
364,3.0,172.16.0.22,2025-09-26 02:26:49.040,True,
108,2.0,198.51.100.7,2025-09-25 21:20:49.000,False,
306,,192.168.1.3,2025-09-25 21:19:49.030,True,
713,1.0,203.0.113.10,2025-09-25 19:59:49.093,True,
707,2.0,10.0.0.8,2025-09-25 17:59:49.093,True,
491,3.0,192.168.1.2,2025-09-25 17:39:14.000,True,
340,2.0,203.0.113.11,2025-09-25 17:38:26.000,True,
579,,192.168.1.3,2025-09-25 16:56:54.000,False,
178,3.0,192.168.1.2,2025-09-25 16:49:39.000,True,
206,1.0,192.168.1.3,2025-09-25 16:41:46.000,True,
67,2.0,203.0.113.11,2025-09-25 16:37:48.993,True,
217,2.0,192.168.1.3,2025-09-25 16:33:49.017,True,
143,3.0,172.16.0.22,2025-09-25 16:29:58.000,True,
474,2.0,172.16.0.22,2025-09-25 16:17:13.000,True,
739,3.0,192.168.1.3,2025-09-25 15:39:53.000,True,
714,,198.51.100.5,2025-09-25 15:31:05.000,True,
805,2.0,192.168.1.3,2025-09-25 15:26:08.000,True,
109,1.0,203.0.113.11,2025-09-25 15:22:22.000,True,
333,3.0,198.51.100.7,2025-09-25 15:21:49.033,True,
61,2.0,198.51.100.5,2025-09-25 15:18:48.993,True,
68,1.0,192.168.1.3,2025-09-25 15:13:45.000,False,
676,2.0,198.51.100.7,2025-09-25 14:47:49.090,True,
423,3.0,192.168.1.2,2025-09-25 14:25:49.047,False,
692,3.0,172.16.0.22,2025-09-25 13:38:49.090,True,
315,3.0,203.0.113.10,2025-09-25 13:37:48.000,True,
98,1.0,198.51.100.5,2025-09-25 13:34:51.000,True,
380,1.0,198.51.100.5,2025-09-25 13:25:46.000,True,
72,1.0,203.0.113.10,2025-09-25 13:18:37.000,False,
544,3.0,192.168.1.3,2025-09-25 13:18:32.000,True,
249,3.0,192.168.1.2,2025-09-25 13:16:18.000,True,
591,1.0,198.51.100.5,2025-09-25 13:06:01.000,True,
479,3.0,192.168.1.3,2025-09-25 13:00:01.000,True,
272,3.0,10.0.0.8,2025-09-25 12:46:49.023,True,
601,2.0,203.0.113.10,2025-09-25 12:46:03.000,True,
791,1.0,203.0.113.11,2025-09-25 12:30:35.000,False,
300,2.0,192.168.1.2,2025-09-25 12:30:19.000,True,
537,3.0,172.16.0.22,2025-09-25 12:16:19.000,True,
396,3.0,192.168.1.2,2025-09-25 12:14:57.000,True,
814,1.0,198.51.100.5,2025-09-25 12:00:36.000,True,
631,,10.0.0.8,2025-09-25 11:26:29.000,True,
627,3.0,10.0.0.8,2025-09-25 11:11:38.000,True,
733,1.0,203.0.113.10,2025-09-25 11:10:49.097,True,
92,1.0,198.51.100.5,2025-09-25 10:56:48.997,True,
215,3.0,192.168.1.3,2025-09-25 10:49:09.000,False,
27,1.0,198.51.100.7,2025-09-25 10:40:16.000,False,
367,3.0,192.168.1.2,2025-09-25 10:23:14.000,True,
156,1.0,203.0.113.11,2025-09-25 09:48:44.000,True,
611,2.0,192.168.1.3,2025-09-25 09:31:50.000,True,
310,2.0,192.168.1.3,2025-09-25 09:31:49.030,False,
255,3.0,172.16.0.22,2025-09-25 09:23:49.023,False,
84,2.0,192.168.1.3,2025-09-25 09:07:29.000,True,
345,1.0,198.51.100.5,2025-09-25 08:59:49.037,True,
695,2.0,172.16.0.22,2025-09-25 08:50:50.000,False,
606,,10.0.0.8,2025-09-25 08:14:13.000,True,
510,1.0,192.168.1.3,2025-09-25 08:00:08.000,False,
94,3.0,198.51.100.7,2025-09-25 07:43:48.997,True,
181,1.0,192.168.1.3,2025-09-25 05:37:49.010,False,
324,2.0,192.168.1.3,2025-09-25 05:20:49.033,True,
309,,10.0.0.8,2025-09-25 00:54:49.030,True,
433,1.0,192.168.1.3,2025-09-25 00:47:49.050,True,
576,1.0,192.168.1.2,2025-09-25 00:25:49.073,True,
79,2.0,172.16.0.22,2025-09-25 00:07:48.997,False,
416,3.0,10.0.0.8,2025-09-25 00:01:49.047,False,
742,2.0,198.51.100.7,2025-09-24 23:57:49.100,True,
103,1.0,198.51.100.5,2025-09-24 23:13:49.000,False,
620,2.0,198.51.100.5,2025-09-24 21:57:49.080,True,
162,1.0,192.168.1.3,2025-09-24 20:11:49.010,True,
47,,192.168.1.2,2025-09-24 19:17:48.990,True,
372,3.0,203.0.113.11,2025-09-24 18:36:49.040,False,
219,2.0,203.0.113.11,2025-09-24 17:48:49.017,True,
721,1.0,172.16.0.22,2025-09-24 17:39:49.097,True,
41,1.0,10.0.0.8,2025-09-24 17:39:19.000,True,
507,,198.51.100.7,2025-09-24 17:22:10.000,True,
127,2.0,198.51.100.7,2025-09-24 17:02:37.000,True,
725,2.0,203.0.113.10,2025-09-24 16:23:15.000,True,
581,1.0,192.168.1.2,2025-09-24 15:53:17.000,True,
344,1.0,198.51.100.7,2025-09-24 15:49:49.037,True,
682,2.0,203.0.113.11,2025-09-24 15:45:07.000,True,
80,3.0,198.51.100.5,2025-09-24 14:34:12.000,True,
709,2.0,192.168.1.3,2025-09-24 14:24:49.093,True,
511,1.0,203.0.113.10,2025-09-24 14:09:26.000,True,
163,2.0,198.51.100.7,2025-09-24 14:09:06.000,True,
23,2.0,172.16.0.22,2025-09-24 13:44:48.987,False,
128,,203.0.113.10,2025-09-24 13:27:29.000,True,
799,1.0,192.168.1.3,2025-09-24 13:21:13.000,True,
656,3.0,10.0.0.8,2025-09-24 13:16:18.000,True,
436,,198.51.100.7,2025-09-24 13:01:27.000,True,
104,3.0,10.0.0.8,2025-09-24 13:00:57.000,False,
679,2.0,192.168.1.2,2025-09-24 12:37:13.000,True,
549,,172.16.0.22,2025-09-24 12:13:04.000,True,
569,1.0,203.0.113.11,2025-09-24 12:10:00.000,True,
677,,198.51.100.7,2025-09-24 11:45:41.000,False,
208,3.0,172.16.0.22,2025-09-24 10:55:04.000,True,
209,2.0,198.51.100.7,2025-09-24 10:40:49.017,True,
735,1.0,198.51.100.7,2025-09-24 10:37:23.000,True,
44,2.0,192.168.1.3,2025-09-24 10:29:50.000,True,
543,1.0,10.0.0.8,2025-09-24 10:23:41.000,True,
412,3.0,203.0.113.11,2025-09-24 09:59:22.000,True,
551,,172.16.0.22,2025-09-24 09:26:49.070,True,
147,3.0,10.0.0.8,2025-09-24 09:24:49.007,False,
784,2.0,10.0.0.8,2025-09-24 09:23:07.000,False,
465,3.0,192.168.1.3,2025-09-24 09:03:49.053,True,
352,1.0,192.168.1.3,2025-09-24 09:01:43.000,True,
638,1.0,198.51.100.5,2025-09-24 08:54:11.000,True,
384,1.0,203.0.113.10,2025-09-24 08:46:49.043,False,
455,1.0,10.0.0.8,2025-09-24 08:35:49.053,True,
320,1.0,172.16.0.22,2025-09-24 08:08:09.000,True,
795,3.0,192.168.1.3,2025-09-24 08:00:05.000,True,
431,1.0,172.16.0.22,2025-09-24 07:45:49.050,False,
226,1.0,192.168.1.3,2025-09-24 06:54:49.017,False,
680,1.0,10.0.0.8,2025-09-24 06:48:49.090,True,
186,,198.51.100.5,2025-09-24 05:25:49.010,True,
150,3.0,203.0.113.11,2025-09-24 05:14:49.007,True,
77,3.0,192.168.1.2,2025-09-24 05:10:48.993,False,
502,1.0,198.51.100.7,2025-09-24 03:37:49.060,False,
683,2.0,198.51.100.5,2025-09-24 03:11:49.090,True,
112,3.0,198.51.100.7,2025-09-24 01:08:49.000,False,
165,3.0,198.51.100.7,2025-09-23 22:50:49.010,True,
161,2.0,203.0.113.11,2025-09-23 22:38:49.007,False,
286,3.0,198.51.100.5,2025-09-23 22:01:49.027,True,
332,,192.168.1.3,2025-09-23 20:41:49.033,True,
557,1.0,198.51.100.7,2025-09-23 19:37:49.070,True,
596,,198.51.100.5,2025-09-23 17:51:05.000,True,
413,2.0,172.16.0.22,2025-09-23 17:25:34.000,True,
130,,10.0.0.8,2025-09-23 16:56:31.000,True,
402,1.0,192.168.1.2,2025-09-23 16:52:25.000,True,
149,,192.168.1.3,2025-09-23 15:56:12.000,True,
257,1.0,192.168.1.3,2025-09-23 15:51:51.000,True,
81,,192.168.1.2,2025-09-23 15:32:28.000,True,
727,3.0,198.51.100.7,2025-09-23 14:52:16.000,True,
250,,192.168.1.3,2025-09-23 14:49:49.020,True,
355,,172.16.0.22,2025-09-23 14:39:26.000,False,
58,,172.16.0.22,2025-09-23 14:24:16.000,True,
37,2.0,172.16.0.22,2025-09-23 14:15:43.000,True,
341,1.0,203.0.113.10,2025-09-23 14:14:19.000,True,
133,1.0,172.16.0.22,2025-09-23 13:22:49.000,False,
425,,203.0.113.11,2025-09-23 12:53:31.000,True,
30,3.0,192.168.1.3,2025-09-23 12:31:55.000,True,
639,,203.0.113.10,2025-09-23 12:20:50.000,True,
471,2.0,172.16.0.22,2025-09-23 12:13:49.057,True,
409,,198.51.100.7,2025-09-23 12:13:49.047,True,
399,,192.168.1.2,2025-09-23 11:44:51.000,True,
406,3.0,198.51.100.7,2025-09-23 11:43:49.047,True,
622,2.0,192.168.1.3,2025-09-23 11:41:34.000,True,
265,1.0,192.168.1.3,2025-09-23 11:19:15.000,True,
641,1.0,192.168.1.2,2025-09-23 11:12:01.000,False,
319,2.0,203.0.113.10,2025-09-23 11:04:35.000,True,
513,2.0,192.168.1.3,2025-09-23 11:01:33.000,True,
684,,172.16.0.22,2025-09-23 11:00:44.000,False,
358,3.0,172.16.0.22,2025-09-23 10:48:28.000,True,
451,1.0,192.168.1.2,2025-09-23 10:43:36.000,True,
123,2.0,198.51.100.7,2025-09-23 10:06:46.000,False,
757,3.0,198.51.100.7,2025-09-23 10:02:53.000,True,
346,1.0,198.51.100.5,2025-09-23 09:33:13.000,True,
245,1.0,198.51.100.5,2025-09-23 09:00:52.000,True,
478,1.0,10.0.0.8,2025-09-23 08:52:54.000,True,
708,2.0,192.168.1.3,2025-09-23 08:24:51.000,True,
121,3.0,192.168.1.2,2025-09-23 08:20:46.000,True,
497,3.0,172.16.0.22,2025-09-23 08:03:46.000,True,
762,,203.0.113.11,2025-09-23 04:17:49.103,False,
122,2.0,172.16.0.22,2025-09-23 04:09:49.000,True,
53,,198.51.100.5,2025-09-23 02:10:48.990,False,
565,3.0,192.168.1.3,2025-09-23 01:22:49.070,True,
494,,198.51.100.7,2025-09-23 00:41:49.060,False,
703,,198.51.100.5,2025-09-22 23:27:49.093,True,
737,1.0,198.51.100.7,2025-09-22 18:43:49.097,True,
728,,10.0.0.8,2025-09-22 17:27:04.000,True,
70,2.0,203.0.113.10,2025-09-22 17:17:36.000,True,
588,,192.168.1.3,2025-09-22 16:47:54.000,True,
40,2.0,192.168.1.3,2025-09-22 16:40:02.000,True,
595,3.0,172.16.0.22,2025-09-22 16:27:15.000,True,
49,1.0,198.51.100.5,2025-09-22 15:19:20.000,True,
452,3.0,10.0.0.8,2025-09-22 15:14:49.053,False,
506,2.0,198.51.100.5,2025-09-22 14:56:29.000,False,
580,1.0,203.0.113.11,2025-09-22 14:35:15.000,True,
715,1.0,198.51.100.7,2025-09-22 14:35:02.000,True,
446,3.0,203.0.113.11,2025-09-22 14:21:50.000,True,
734,1.0,192.168.1.3,2025-09-22 14:19:45.000,True,
395,1.0,203.0.113.10,2025-09-22 14:17:04.000,True,
618,1.0,192.168.1.2,2025-09-22 14:15:16.000,True,
288,2.0,198.51.100.7,2025-09-22 13:49:49.027,True,
262,,192.168.1.2,2025-09-22 13:47:49.023,True,
666,,192.168.1.2,2025-09-22 13:37:47.000,False,
189,1.0,10.0.0.8,2025-09-22 13:25:00.000,False,
807,2.0,198.51.100.7,2025-09-22 13:02:45.000,True,
291,3.0,192.168.1.3,2025-09-22 12:49:48.000,True,
65,2.0,192.168.1.3,2025-09-22 12:47:48.993,True,
298,2.0,192.168.1.3,2025-09-22 12:32:02.000,True,
301,3.0,192.168.1.3,2025-09-22 11:45:12.000,True,
702,1.0,198.51.100.7,2025-09-22 11:17:31.000,True,
223,,192.168.1.3,2025-09-22 11:00:40.000,False,
200,2.0,203.0.113.11,2025-09-22 10:59:08.000,True,
374,1.0,198.51.100.7,2025-09-22 10:52:39.000,True,
667,1.0,10.0.0.8,2025-09-22 10:45:49.087,True,
24,3.0,198.51.100.7,2025-09-22 10:37:55.000,True,
808,2.0,203.0.113.11,2025-09-22 10:27:35.000,True,
204,1.0,172.16.0.22,2025-09-22 10:24:02.000,True,
640,1.0,203.0.113.11,2025-09-22 10:03:06.000,True,
562,1.0,203.0.113.10,2025-09-22 10:01:49.070,False,
575,2.0,203.0.113.11,2025-09-22 09:58:28.000,True,
151,2.0,10.0.0.8,2025-09-22 09:57:44.000,True,
529,1.0,192.168.1.2,2025-09-22 09:48:25.000,True,
687,3.0,192.168.1.2,2025-09-22 09:35:29.000,True,
304,2.0,172.16.0.22,2025-09-22 09:30:49.030,True,
722,3.0,198.51.100.7,2025-09-22 09:21:49.097,True,
769,2.0,192.168.1.2,2025-09-22 09:00:24.000,False,
197,3.0,203.0.113.11,2025-09-22 08:53:49.013,False,
171,3.0,203.0.113.10,2025-09-22 08:37:26.000,True,
221,2.0,10.0.0.8,2025-09-22 08:33:22.000,True,
16,3.0,203.0.113.10,2025-09-22 08:16:48.983,True,
504,,10.0.0.8,2025-09-22 08:03:30.000,False,
389,3.0,192.168.1.2,2025-09-22 07:31:49.043,False,
607,2.0,203.0.113.11,2025-09-22 06:10:49.077,True,
155,3.0,203.0.113.11,2025-09-22 04:56:49.007,True,
57,1.0,198.51.100.7,2025-09-22 04:27:48.990,False,
540,1.0,10.0.0.8,2025-09-22 02:57:49.067,False,
276,2.0,172.16.0.22,2025-09-22 02:54:49.027,True,
388,3.0,203.0.113.10,2025-09-22 02:18:49.043,True,
120,3.0,172.16.0.22,2025-09-22 00:14:49.000,True,
755,1.0,192.168.1.3,2025-09-21 22:16:49.100,True,
624,,10.0.0.8,2025-09-21 21:53:49.080,True,
176,3.0,203.0.113.11,2025-09-21 20:38:49.010,True,
774,1.0,10.0.0.8,2025-09-21 19:45:49.103,True,
318,1.0,192.168.1.3,2025-09-21 19:19:49.030,True,
700,2.0,203.0.113.10,2025-09-21 19:10:49.093,False,
661,3.0,198.51.100.5,2025-09-21 18:25:49.087,False,
693,,172.16.0.22,2025-09-21 18:01:49.090,False,
180,2.0,192.168.1.3,2025-09-21 17:41:00.000,True,
449,2.0,198.51.100.7,2025-09-21 17:27:49.050,True,
55,2.0,203.0.113.10,2025-09-21 17:10:52.000,True,
780,2.0,198.51.100.5,2025-09-21 16:57:38.000,True,
720,3.0,198.51.100.7,2025-09-21 16:57:31.000,True,
570,2.0,203.0.113.11,2025-09-21 16:14:11.000,False,
531,3.0,172.16.0.22,2025-09-21 16:13:31.000,False,
527,3.0,10.0.0.8,2025-09-21 16:09:49.063,True,
230,2.0,10.0.0.8,2025-09-21 15:53:26.000,False,
613,3.0,192.168.1.2,2025-09-21 15:27:49.080,True,
503,3.0,172.16.0.22,2025-09-21 14:52:33.000,True,
796,3.0,203.0.113.10,2025-09-21 14:40:36.000,True,
744,1.0,10.0.0.8,2025-09-21 14:39:45.000,True,
783,,192.168.1.3,2025-09-21 14:28:25.000,True,
568,2.0,172.16.0.22,2025-09-21 14:16:55.000,True,
287,,203.0.113.11,2025-09-21 14:14:49.027,False,
240,3.0,10.0.0.8,2025-09-21 14:12:55.000,True,
696,1.0,203.0.113.10,2025-09-21 14:03:49.090,True,
662,1.0,10.0.0.8,2025-09-21 13:56:54.000,True,
564,3.0,10.0.0.8,2025-09-21 13:44:27.000,True,
472,3.0,10.0.0.8,2025-09-21 13:38:35.000,True,
525,3.0,192.168.1.2,2025-09-21 12:43:03.000,False,
266,2.0,10.0.0.8,2025-09-21 12:26:00.000,True,
236,2.0,10.0.0.8,2025-09-21 11:52:41.000,True,
555,3.0,10.0.0.8,2025-09-21 11:51:41.000,True,
307,2.0,198.51.100.5,2025-09-21 11:23:20.000,True,
322,,198.51.100.5,2025-09-21 11:21:53.000,True,
499,1.0,203.0.113.10,2025-09-21 11:19:54.000,True,
553,2.0,172.16.0.22,2025-09-21 11:04:49.070,True,
610,2.0,203.0.113.11,2025-09-21 10:59:06.000,True,
292,1.0,198.51.100.5,2025-09-21 10:40:49.027,False,
785,2.0,198.51.100.5,2025-09-21 10:36:38.000,True,
486,1.0,192.168.1.3,2025-09-21 10:36:25.000,False,
192,2.0,192.168.1.3,2025-09-21 10:26:49.013,True,
651,3.0,10.0.0.8,2025-09-21 10:15:06.000,True,
508,1.0,192.168.1.2,2025-09-21 10:11:13.000,True,
699,1.0,198.51.100.7,2025-09-21 10:05:34.000,False,
111,2.0,203.0.113.10,2025-09-21 10:00:22.000,True,
222,2.0,203.0.113.11,2025-09-21 09:46:14.000,False,
305,1.0,198.51.100.5,2025-09-21 09:37:58.000,False,
386,,192.168.1.2,2025-09-21 09:32:35.000,True,
232,,10.0.0.8,2025-09-21 09:13:36.000,True,
489,3.0,192.168.1.3,2025-09-21 09:07:40.000,True,
584,1.0,198.51.100.5,2025-09-21 08:52:41.000,True,
227,1.0,198.51.100.5,2025-09-21 08:47:27.000,True,
321,2.0,198.51.100.7,2025-09-21 08:35:51.000,True,
118,,192.168.1.2,2025-09-21 08:16:59.000,False,
251,1.0,203.0.113.11,2025-09-21 07:47:49.020,False,
158,3.0,198.51.100.5,2025-09-21 06:36:49.007,False,
612,1.0,203.0.113.11,2025-09-21 05:34:49.080,False,
354,3.0,203.0.113.10,2025-09-21 05:03:49.037,True,
758,3.0,192.168.1.2,2025-09-21 03:53:49.100,True,
336,1.0,172.16.0.22,2025-09-21 03:23:49.033,True,
285,3.0,192.168.1.2,2025-09-21 01:37:49.027,True,
447,3.0,203.0.113.10,2025-09-21 01:17:49.050,True,
415,,172.16.0.22,2025-09-20 22:07:49.047,True,
15,3.0,172.16.0.22,2025-09-20 21:52:48.983,False,
74,1.0,192.168.1.2,2025-09-20 17:42:23.000,True,
798,1.0,172.16.0.22,2025-09-20 16:54:52.000,True,
694,3.0,172.16.0.22,2025-09-20 16:07:41.000,True,
628,1.0,198.51.100.7,2025-09-20 15:59:05.000,True,
164,2.0,203.0.113.10,2025-09-20 15:55:28.000,False,
649,1.0,203.0.113.11,2025-09-20 15:40:51.000,True,
43,1.0,192.168.1.3,2025-09-20 15:37:52.000,False,
370,1.0,172.16.0.22,2025-09-20 14:50:16.000,True,
538,2.0,203.0.113.11,2025-09-20 14:41:49.067,True,
689,,198.51.100.5,2025-09-20 14:31:17.000,True,
546,1.0,10.0.0.8,2025-09-20 14:29:45.000,False,
718,2.0,203.0.113.11,2025-09-20 14:29:43.000,True,
457,3.0,203.0.113.11,2025-09-20 14:21:33.000,False,
25,1.0,203.0.113.10,2025-09-20 13:57:02.000,True,
583,1.0,198.51.100.5,2025-09-20 13:28:43.000,False,
625,,203.0.113.10,2025-09-20 13:19:00.000,True,
505,1.0,192.168.1.3,2025-09-20 13:07:53.000,True,
792,,203.0.113.10,2025-09-20 13:03:00.000,True,
801,3.0,192.168.1.3,2025-09-20 12:55:13.000,True,
462,3.0,10.0.0.8,2025-09-20 12:29:18.000,True,
559,1.0,198.51.100.7,2025-09-20 12:24:28.000,True,
239,2.0,172.16.0.22,2025-09-20 12:17:55.000,True,
435,2.0,203.0.113.10,2025-09-20 12:17:49.050,True,
248,3.0,203.0.113.11,2025-09-20 11:52:08.000,False,
732,2.0,192.168.1.2,2025-09-20 11:48:49.097,False,
201,,192.168.1.3,2025-09-20 11:40:13.000,False,
766,3.0,172.16.0.22,2025-09-20 11:36:47.000,False,
218,2.0,192.168.1.2,2025-09-20 11:34:49.017,True,
343,,10.0.0.8,2025-09-20 11:33:16.000,False,
736,1.0,198.51.100.7,2025-09-20 11:06:57.000,False,
437,3.0,172.16.0.22,2025-09-20 10:42:45.000,True,
781,2.0,192.168.1.3,2025-09-20 10:42:13.000,True,
167,2.0,192.168.1.3,2025-09-20 10:16:49.010,True,
135,3.0,192.168.1.2,2025-09-20 10:00:24.000,False,
475,2.0,203.0.113.11,2025-09-20 09:34:21.000,True,
678,2.0,203.0.113.11,2025-09-20 09:26:36.000,True,
51,,198.51.100.5,2025-09-20 09:19:48.990,True,
674,3.0,198.51.100.5,2025-09-20 09:12:43.000,True,
110,3.0,198.51.100.7,2025-09-20 08:21:34.000,True,
778,3.0,203.0.113.11,2025-09-20 08:01:50.000,False,
19,1.0,10.0.0.8,2025-09-20 08:00:44.000,True,
199,,172.16.0.22,2025-09-20 07:10:49.013,True,
381,2.0,203.0.113.11,2025-09-20 06:26:49.040,True,
246,2.0,10.0.0.8,2025-09-20 05:34:49.020,False,
275,3.0,198.51.100.5,2025-09-20 04:11:49.027,True,
726,3.0,203.0.113.11,2025-09-20 03:43:49.097,True,
327,1.0,10.0.0.8,2025-09-20 00:25:49.033,False,
496,3.0,203.0.113.10,2025-09-19 23:56:49.060,True,
572,1.0,198.51.100.7,2025-09-19 23:28:49.070,True,
482,1.0,192.168.1.3,2025-09-19 20:57:49.057,True,
590,3.0,192.168.1.3,2025-09-19 20:02:49.073,True,
659,2.0,192.168.1.2,2025-09-19 19:02:49.087,False,
803,3.0,198.51.100.5,2025-09-19 18:55:49.110,True,
136,,198.51.100.7,2025-09-19 17:51:19.000,True,
64,3.0,198.51.100.7,2025-09-19 17:46:21.000,True,
672,2.0,10.0.0.8,2025-09-19 17:42:33.000,True,
515,2.0,198.51.100.5,2025-09-19 17:37:36.000,True,
501,,10.0.0.8,2025-09-19 17:36:05.000,True,
585,1.0,198.51.100.5,2025-09-19 16:54:01.000,True,
600,1.0,203.0.113.11,2025-09-19 16:45:06.000,True,
387,1.0,10.0.0.8,2025-09-19 16:44:16.000,True,
577,3.0,192.168.1.3,2025-09-19 16:41:28.000,True,
100,3.0,198.51.100.5,2025-09-19 16:37:30.000,True,
490,,198.51.100.7,2025-09-19 16:23:24.000,True,
99,2.0,192.168.1.3,2025-09-19 16:08:55.000,True,
76,3.0,192.168.1.2,2025-09-19 16:01:47.000,True,
729,3.0,203.0.113.10,2025-09-19 15:52:49.097,True,
126,1.0,172.16.0.22,2025-09-19 15:48:49.003,True,
365,2.0,172.16.0.22,2025-09-19 15:38:58.000,True,
362,3.0,198.51.100.5,2025-09-19 15:19:49.040,False,
558,2.0,203.0.113.11,2025-09-19 15:13:55.000,False,
811,3.0,172.16.0.22,2025-09-19 15:07:50.000,True,
400,,203.0.113.11,2025-09-19 14:50:15.000,True,
198,,192.168.1.3,2025-09-19 14:35:06.000,True,
383,3.0,172.16.0.22,2025-09-19 14:26:24.000,True,
31,2.0,198.51.100.7,2025-09-19 14:22:15.000,True,
460,3.0,203.0.113.11,2025-09-19 14:06:09.000,True,
256,3.0,192.168.1.3,2025-09-19 13:48:29.000,True,
614,,192.168.1.2,2025-09-19 13:43:38.000,True,
514,1.0,172.16.0.22,2025-09-19 13:35:17.000,True,
140,,198.51.100.5,2025-09-19 13:12:42.000,False,
578,,10.0.0.8,2025-09-19 12:35:25.000,True,
190,,172.16.0.22,2025-09-19 12:24:52.000,True,
602,3.0,172.16.0.22,2025-09-19 12:18:49.077,True,
203,,172.16.0.22,2025-09-19 11:49:41.000,True,
115,,172.16.0.22,2025-09-19 11:10:34.000,True,
439,1.0,192.168.1.2,2025-09-19 09:48:09.000,False,
484,2.0,10.0.0.8,2025-09-19 09:46:49.057,False,
772,3.0,203.0.113.10,2025-09-19 09:39:24.000,True,
763,2.0,203.0.113.10,2025-09-19 09:03:49.103,False,
745,1.0,172.16.0.22,2025-09-19 08:05:35.000,True,
521,3.0,203.0.113.11,2025-09-19 04:55:49.063,True,
202,1.0,198.51.100.7,2025-09-19 04:14:49.013,False,
244,3.0,172.16.0.22,2025-09-19 03:20:49.020,True,
500,1.0,203.0.113.11,2025-09-19 02:51:49.060,True,
752,3.0,203.0.113.10,2025-09-19 02:20:49.100,False,
45,2.0,10.0.0.8,2025-09-19 00:04:48.990,True,
175,2.0,192.168.1.3,2025-09-18 20:15:49.010,False,
252,1.0,203.0.113.11,2025-09-18 18:07:49.020,True,
445,2.0,192.168.1.3,2025-09-18 17:59:49.050,False,
21,3.0,192.168.1.3,2025-09-18 17:34:09.000,True,
802,1.0,172.16.0.22,2025-09-18 17:10:23.000,True,
170,3.0,198.51.100.5,2025-09-18 17:06:26.000,False,
290,2.0,192.168.1.3,2025-09-18 16:59:45.000,True,
467,2.0,203.0.113.11,2025-09-18 16:56:54.000,True,
764,2.0,203.0.113.11,2025-09-18 15:56:34.000,True,
453,3.0,172.16.0.22,2025-09-18 15:48:29.000,True,
273,,192.168.1.2,2025-09-18 15:47:10.000,False,
608,3.0,10.0.0.8,2025-09-18 15:40:56.000,True,
368,,192.168.1.2,2025-09-18 15:36:49.040,True,
174,3.0,192.168.1.2,2025-09-18 15:34:02.000,True,
761,1.0,192.168.1.2,2025-09-18 15:25:49.103,True,
59,2.0,192.168.1.2,2025-09-18 15:13:27.000,True,
650,3.0,192.168.1.3,2025-09-18 15:09:50.000,True,
516,2.0,203.0.113.11,2025-09-18 14:59:49.063,True,
647,3.0,172.16.0.22,2025-09-18 14:56:49.083,False,
633,,203.0.113.10,2025-09-18 14:19:32.000,True,
420,2.0,10.0.0.8,2025-09-18 14:10:49.047,True,
363,,198.51.100.7,2025-09-18 14:08:15.000,True,
812,3.0,198.51.100.7,2025-09-18 13:57:49.110,True,
632,,198.51.100.7,2025-09-18 13:52:09.000,True,
289,3.0,192.168.1.3,2025-09-18 13:42:20.000,True,
603,1.0,192.168.1.2,2025-09-18 13:34:08.000,True,
810,3.0,192.168.1.3,2025-09-18 13:20:33.000,True,
88,,203.0.113.11,2025-09-18 13:15:52.000,True,
146,3.0,192.168.1.2,2025-09-18 12:57:41.000,True,
750,3.0,198.51.100.7,2025-09-18 12:37:45.000,False,
132,,198.51.100.7,2025-09-18 11:01:18.000,False,
450,2.0,192.168.1.3,2025-09-18 11:01:11.000,True,
705,2.0,198.51.100.7,2025-09-18 10:55:17.000,True,
542,3.0,10.0.0.8,2025-09-18 10:45:33.000,True,
488,3.0,192.168.1.3,2025-09-18 10:27:46.000,False,
498,1.0,198.51.100.5,2025-09-18 10:22:49.000,True,
554,2.0,198.51.100.5,2025-09-18 10:17:32.000,False,
152,2.0,192.168.1.3,2025-09-18 10:07:38.000,True,
645,3.0,198.51.100.7,2025-09-18 10:04:49.083,True,
157,,203.0.113.11,2025-09-18 09:52:17.000,False,
534,1.0,203.0.113.11,2025-09-18 09:36:48.000,True,
605,3.0,198.51.100.7,2025-09-18 09:35:32.000,True,
740,3.0,192.168.1.2,2025-09-18 09:30:05.000,True,
461,1.0,203.0.113.10,2025-09-18 09:19:21.000,True,
643,1.0,198.51.100.7,2025-09-18 08:26:52.000,True,
260,1.0,10.0.0.8,2025-09-18 08:22:57.000,True,
571,2.0,10.0.0.8,2025-09-18 08:22:49.070,True,
669,2.0,198.51.100.5,2025-09-18 03:54:49.087,False,
348,2.0,198.51.100.7,2025-09-18 00:58:49.037,False,
56,,203.0.113.11,2025-09-18 00:52:48.990,True,
313,1.0,172.16.0.22,2025-09-18 00:11:49.030,False,
96,1.0,203.0.113.11,2025-09-18 00:04:48.997,True,
373,3.0,203.0.113.10,2025-09-17 23:22:49.040,True,
73,2.0,203.0.113.10,2025-09-17 22:34:48.993,False,
673,3.0,203.0.113.11,2025-09-17 21:10:49.087,False,
563,1.0,192.168.1.3,2025-09-17 21:08:49.070,False,
83,2.0,198.51.100.5,2025-09-17 20:40:48.997,True,
593,3.0,198.51.100.7,2025-09-17 20:07:49.077,False,
526,2.0,192.168.1.2,2025-09-17 19:05:49.063,True,
598,2.0,198.51.100.5,2025-09-17 18:31:49.077,False,
404,,192.168.1.2,2025-09-17 18:14:49.047,False,
312,,203.0.113.11,2025-09-17 17:36:51.000,True,
195,1.0,198.51.100.5,2025-09-17 17:20:21.000,True,
184,,172.16.0.22,2025-09-17 16:43:49.000,True,
550,1.0,203.0.113.11,2025-09-17 16:42:49.070,True,
210,3.0,172.16.0.22,2025-09-17 16:34:15.000,True,
779,2.0,172.16.0.22,2025-09-17 15:44:37.000,False,
294,3.0,198.51.100.7,2025-09-17 15:19:07.000,False,
191,2.0,198.51.100.7,2025-09-17 15:08:07.000,False,
185,,198.51.100.7,2025-09-17 15:06:16.000,False,
153,,198.51.100.7,2025-09-17 14:57:57.000,True,
196,1.0,10.0.0.8,2025-09-17 14:46:31.000,True,
716,3.0,198.51.100.7,2025-09-17 14:42:52.000,False,
366,3.0,198.51.100.5,2025-09-17 14:34:49.040,True,
424,1.0,172.16.0.22,2025-09-17 13:42:49.050,True,
177,1.0,192.168.1.3,2025-09-17 13:38:49.010,True,
793,,10.0.0.8,2025-09-17 13:38:10.000,True,
114,2.0,203.0.113.10,2025-09-17 13:32:36.000,True,
456,1.0,198.51.100.7,2025-09-17 13:29:02.000,True,
670,1.0,198.51.100.7,2025-09-17 13:07:53.000,True,
124,1.0,192.168.1.3,2025-09-17 13:06:09.000,True,
259,2.0,198.51.100.7,2025-09-17 13:05:37.000,False,
351,1.0,198.51.100.7,2025-09-17 12:05:49.037,False,
556,1.0,203.0.113.10,2025-09-17 11:46:26.000,True,
621,3.0,203.0.113.10,2025-09-17 11:33:22.000,True,
751,3.0,198.51.100.7,2025-09-17 11:32:00.000,True,
401,1.0,192.168.1.3,2025-09-17 11:20:49.043,False,
379,,198.51.100.7,2025-09-17 11:00:35.000,True,
616,3.0,198.51.100.7,2025-09-17 10:31:59.000,False,
264,1.0,203.0.113.11,2025-09-17 10:27:49.023,True,
767,2.0,203.0.113.10,2025-09-17 10:20:57.000,True,
443,3.0,198.51.100.7,2025-09-17 10:09:27.000,False,
629,,198.51.100.7,2025-09-17 10:09:18.000,True,
242,3.0,203.0.113.10,2025-09-17 10:03:32.000,True,
229,3.0,203.0.113.11,2025-09-17 08:44:24.000,True,
188,3.0,192.168.1.2,2025-09-17 08:41:31.000,True,
432,1.0,203.0.113.11,2025-09-17 08:31:02.000,True,
746,3.0,203.0.113.11,2025-09-17 08:23:56.000,True,
786,1.0,10.0.0.8,2025-09-17 08:13:49.000,True,
350,3.0,198.51.100.5,2025-09-17 06:40:49.037,True,
448,3.0,172.16.0.22,2025-09-17 06:35:49.050,True,
541,2.0,198.51.100.5,2025-09-17 05:23:49.067,True,
160,,10.0.0.8,2025-09-17 02:10:49.007,False,
295,1.0,172.16.0.22,2025-09-17 02:08:49.030,False,
247,2.0,192.168.1.2,2025-09-17 01:32:49.020,False,
116,,198.51.100.7,2025-09-17 00:40:49.000,False,
468,,198.51.100.5,2025-09-16 22:45:49.057,False,
806,3.0,192.168.1.3,2025-09-16 20:51:49.110,False,
34,3.0,203.0.113.11,2025-09-16 19:09:48.987,False,
323,1.0,198.51.100.7,2025-09-16 18:38:49.033,True,
356,3.0,192.168.1.3,2025-09-16 18:22:49.037,False,
102,1.0,10.0.0.8,2025-09-16 18:12:49.000,True,
33,1.0,192.168.1.2,2025-09-16 17:56:48.987,True,
193,1.0,192.168.1.3,2025-09-16 17:53:35.000,True,
519,3.0,192.168.1.3,2025-09-16 17:52:49.000,False,
375,2.0,203.0.113.10,2025-09-16 17:44:49.040,True,
789,3.0,172.16.0.22,2025-09-16 17:28:49.000,False,
426,2.0,198.51.100.5,2025-09-16 17:25:48.000,True,
342,,172.16.0.22,2025-09-16 16:40:52.000,True,
770,2.0,192.168.1.2,2025-09-16 16:35:29.000,True,
274,2.0,203.0.113.11,2025-09-16 16:04:08.000,False,
52,3.0,198.51.100.7,2025-09-16 15:27:33.000,True,
800,1.0,198.51.100.5,2025-09-16 15:06:02.000,True,
293,,203.0.113.11,2025-09-16 15:02:49.030,True,
212,1.0,203.0.113.10,2025-09-16 14:52:01.000,True,
173,3.0,198.51.100.5,2025-09-16 14:37:40.000,True,
688,3.0,10.0.0.8,2025-09-16 14:33:12.000,True,
91,2.0,10.0.0.8,2025-09-16 14:08:48.997,True,
712,3.0,192.168.1.3,2025-09-16 13:53:17.000,False,
166,1.0,203.0.113.10,2025-09-16 13:45:03.000,True,
85,,192.168.1.2,2025-09-16 13:42:37.000,True,
371,2.0,172.16.0.22,2025-09-16 13:16:05.000,True,
69,2.0,203.0.113.10,2025-09-16 13:05:21.000,True,
254,,198.51.100.7,2025-09-16 12:45:09.000,True,
642,3.0,203.0.113.11,2025-09-16 12:31:54.000,True,
66,3.0,10.0.0.8,2025-09-16 12:19:19.000,True,
630,2.0,10.0.0.8,2025-09-16 12:13:24.000,True,
106,2.0,203.0.113.10,2025-09-16 12:03:49.000,True,
428,2.0,198.51.100.7,2025-09-16 11:57:30.000,True,
311,,198.51.100.5,2025-09-16 11:44:58.000,False,
216,,192.168.1.2,2025-09-16 11:41:31.000,True,
87,2.0,10.0.0.8,2025-09-16 11:19:28.000,True,
271,2.0,198.51.100.7,2025-09-16 10:59:18.000,True,
20,2.0,198.51.100.5,2025-09-16 10:51:15.000,True,
393,3.0,198.51.100.5,2025-09-16 10:45:06.000,False,
361,2.0,198.51.100.7,2025-09-16 10:33:53.000,True,
466,3.0,10.0.0.8,2025-09-16 10:33:49.053,True,
760,3.0,198.51.100.7,2025-09-16 10:17:49.100,True,
422,2.0,198.51.100.7,2025-09-16 09:48:55.000,False,
269,3.0,203.0.113.11,2025-09-16 09:14:33.000,True,
50,2.0,203.0.113.10,2025-09-16 08:58:09.000,True,
86,1.0,10.0.0.8,2025-09-16 08:54:31.000,True,
119,1.0,203.0.113.11,2025-09-16 08:39:49.000,True,
187,1.0,10.0.0.8,2025-09-16 08:35:52.000,True,
279,1.0,10.0.0.8,2025-09-16 08:15:56.000,True,
473,1.0,198.51.100.7,2025-09-16 08:04:08.000,True,
548,2.0,203.0.113.10,2025-09-16 07:43:49.067,True,
113,1.0,203.0.113.10,2025-09-16 07:09:49.000,False,
535,3.0,203.0.113.11,2025-09-16 06:40:49.067,False,
660,,192.168.1.2,2025-09-16 06:37:49.087,True,
813,,198.51.100.5,2025-09-16 05:14:49.110,False,
753,1.0,192.168.1.2,2025-09-16 04:26:49.100,False,
329,,198.51.100.5,2025-09-16 01:41:49.033,True,
738,1.0,192.168.1.2,2025-09-16 01:21:49.100,True,
464,3.0,203.0.113.11,2025-09-16 00:33:49.053,True,
403,2.0,198.51.100.7,2025-09-15 22:44:49.043,False,
414,3.0,192.168.1.2,2025-09-15 22:34:49.047,False,
253,,172.16.0.22,2025-09-15 22:24:49.023,True,
419,2.0,10.0.0.8,2025-09-15 20:22:49.047,True,
809,,192.168.1.3,2025-09-15 17:54:49.110,True,
347,2.0,192.168.1.2,2025-09-15 17:34:05.000,True,
438,1.0,192.168.1.3,2025-09-15 17:29:49.050,True,
60,2.0,192.168.1.3,2025-09-15 17:17:55.000,True,
463,3.0,172.16.0.22,2025-09-15 16:42:36.000,True,
71,,10.0.0.8,2025-09-15 16:39:58.000,True,
299,,198.51.100.7,2025-09-15 16:11:49.030,True,
698,3.0,198.51.100.5,2025-09-15 16:02:35.000,True,
205,1.0,192.168.1.3,2025-09-15 15:38:07.000,True,
731,2.0,192.168.1.2,2025-09-15 15:13:44.000,False,
145,1.0,192.168.1.3,2025-09-15 14:56:54.000,True,
17,3.0,172.16.0.22,2025-09-15 14:39:27.000,True,
444,3.0,10.0.0.8,2025-09-15 13:06:36.000,False,
574,2.0,192.168.1.2,2025-09-15 13:00:49.070,True,
268,2.0,203.0.113.10,2025-09-15 12:37:08.000,True,
89,3.0,172.16.0.22,2025-09-15 12:32:18.000,True,
458,,192.168.1.3,2025-09-15 11:54:49.053,True,
560,2.0,192.168.1.2,2025-09-15 11:26:11.000,False,
159,3.0,198.51.100.7,2025-09-15 11:23:49.007,True,
664,3.0,10.0.0.8,2025-09-15 11:18:08.000,True,
427,1.0,192.168.1.2,2025-09-15 11:10:49.050,True,
407,,172.16.0.22,2025-09-15 11:05:59.000,True,
328,2.0,198.51.100.7,2025-09-15 11:02:36.000,True,
270,,10.0.0.8,2025-09-15 10:49:49.023,True,
644,1.0,198.51.100.7,2025-09-15 10:40:49.000,True,
228,,198.51.100.5,2025-09-15 10:31:14.000,False,
137,1.0,172.16.0.22,2025-09-15 10:25:52.000,True,
533,3.0,192.168.1.2,2025-09-15 09:22:31.000,True,
